 {"tray_export_version":4,"export_type":"project","workflows":[{"id":"1481ad8d-2c9b-4cdc-b8ec-8b48e47fa2f6","created":"2025-10-03T23:27:22.634772Z","workspace_id":"201aa818-49bc-4547-a03b-91733c39ef0d","project_id":"d29a48af-fd9e-4af7-9487-3c99dc6ac173","group":"867e0433-e351-4a53-b6f6-99ea8a8fe9a8","creator":"569b2891-7490-42d8-9483-825fbd81c161","version":{"id":"bc709044-bb0a-46a2-9394-63dc269b6228","created":"2025-10-29T23:13:40.266511Z"},"title":"[CCM] Send Bland Call Batch","enabled":false,"tags":["CCM Intake"],"settings":{"config":{"environment":"{$.config.environment}","extra":{"execution_log_url":"{$.env.execution_log_url}","step_log_url":"{$._.errors.step_log_url}"},"level":"{$.steps.set_severity.result.level}","LIVE_BLAND_URL":"https://api.bland.ai","message":"Tray step failed: {$._.errors.message}","MOCK_BLAND_URL":"https://bland-mock-api-production.up.railway.app","SUPABASE_URL":"https://supabase.ngrok.io","tags":{"workflow_title":"{$._.errors.workflow_title}","step_name":"{$._.errors.step_name}"}},"alerting_workflow_id":"18d5abd1-637e-4a2d-9fe4-617869c50f13","input_schema":{"type":"object","properties":{"global":{"type":"object","properties":{"amd":{"type":"boolean","title":"Amd","default":false},"model":{"type":"string","title":"Model"},"language":{"type":"string","title":"Language"},"background_track":{"type":"string","title":"Background_track"},"voicemail_action":{"type":"string","title":"Voicemail_action"},"voicemail_message":{"type":"string","title":"Voicemail_message"},"answered_by_enabled":{"type":"boolean","title":"Answered_by_enabled","default":false},"wait_for_greeting":{"type":"boolean","title":"Wait_for_greeting","default":false},"block_interruptions":{"type":"boolean","title":"Block_interruptions","default":false},"interruption_threshold":{"type":"integer","title":"Interruption_threshold"},"voice":{"type":"string","title":"Voice"},"temperature":{"type":"number","title":"Temperature"},"from":{"type":"string","title":"From"},"max_duration":{"type":"integer","title":"Max_duration"},"transfer_phone_number":{"type":"string","title":"Transfer_phone_number"},"record":{"type":"boolean","title":"Record","default":false},"noise_cancellation":{"type":"boolean","title":"Noise_cancellation","default":false},"pathway_id":{"type":"string","title":"Pathway_id"},"citation_schema_id":{"type":"string","title":"Citation_schema_id"},"webhook":{"type":"string","title":"Webhook"}},"title":"Global","additionalProperties":false,"required":[],"advanced":[]},"call_objects":{"type":"array","title":"Call_objects"}},"title":"","additionalProperties":false,"required":[],"advanced":[]},"output_schema":{"type":"object","properties":{"success":{"title":"Success","type":"boolean","default":true}},"additionalProperties":false,"required":[],"advanced":[]}},"steps_structure":[{"name":"trigger","type":"normal","content":{}},{"name":"http-client-1","type":"normal","content":{}},{"name":"script-3","type":"normal","content":{}},{"name":"postgresql-1","type":"normal","content":{}},{"name":"callable-workflow-response-1","type":"normal","content":{}}],"steps":{"callable-workflow-response-1":{"title":"Format response","connector":{"name":"callable-workflow-response","version":"1.0"},"operation":"response","output_schema":{},"error_handling":{},"properties":{"response":{"value":{"success":{"value":true,"type":"boolean"}},"type":"object"}}},"http-client-1":{"title":"Send Call Batch","connector":{"name":"http-client","version":"5.6"},"operation":"post_request","output_schema":{"$schema":"http://json-schema.org/draft-04/schema#","type":"object","properties":{"response":{"type":"object","properties":{"status_code":{"type":"number"},"headers":{"type":"object","properties":{"content-length":{"type":"string"},"content-type":{"type":"string"},"date":{"type":"string"},"etag":{"type":"string"},"x-powered-by":{"type":"string"},"connection":{"type":"string"}}},"body":{"type":"object","properties":{"data":{"type":"object","properties":{"batch_id":{"type":"string"}}},"errors":{"type":"null"}}}}}}},"error_handling":{},"authentication":{"group":"adf0fae1-0ce8-4919-8369-ed19a3b3952c","title":"Bland API Auth","service_icon":{"icon_type":"url","value":"//s3.amazonaws.com/images.tray.io/artisan/icons/3d517f8924ac7fd03699a29d97dc52d9.png"},"scopes":[],"service_name":"generic","service_version":1},"properties":{"auth":{"type":"object","value":{"none":{"type":"null","value":null}}},"follow_redirect":{"type":"boolean","value":false},"follow_keep_method":{"type":"boolean","value":false},"reject_unauthorized":{"type":"boolean","value":true},"follow_authorization_header":{"type":"boolean","value":false},"parse_response":{"type":"string","value":"true"},"status_code":{"type":"object","value":{"range":{"type":"object","value":{"from":{"type":"integer","value":200},"to":{"type":"integer","value":299}}}}},"case_sensitive_headers":{"type":"boolean","value":false},"url":{"type":"string","value":"{$.config.MOCK_BLAND_URL}/v2/batches/create"},"headers":{"type":"array","value":[{"type":"object","value":{"key":{"type":"string","value":"Authorization"},"value":{"type":"string","value":"{$.auth.apikey}"}}},{"type":"object","value":{"key":{"type":"string","value":"encrypted_key"},"value":{"type":"string","value":"{$.auth.encrypted_key}"}}}]},"body":{"type":"object","value":{"raw":{"type":"jsonpath","value":"$.steps.trigger.data"}}}}},"postgresql-1":{"title":"Insert Call Data","connector":{"name":"postgresql","version":"2.2"},"operation":"execute_sql","output_schema":{},"error_handling":{},"authentication":{"group":"b7c8e801-f190-4514-876a-28de37d29b5b","title":"supabase-db-development","service_icon":{"icon_type":"url","value":"//s3.amazonaws.com/images.tray.io/artisan/icons/e8cbdd05-d792-44b8-85f7-994dbb7eb4e1.png"},"scopes":[],"service_name":"postgres","service_version":2},"properties":{"host":{"type":"jsonpath","value":"$.auth.host"},"port":{"type":"jsonpath","value":"$.auth.port"},"database":{"type":"jsonpath","value":"$.auth.database"},"schema":{"type":"jsonpath","value":"$.auth.schema"},"user":{"type":"jsonpath","value":"$.auth.user"},"password":{"type":"jsonpath","value":"$.auth.password"},"ssl":{"type":"jsonpath","value":"$.auth.ssl"},"ssl_config":{"type":"jsonpath","value":"$.auth.ssl_config"},"sql":{"type":"jsonpath","value":"$.steps.script-3.result.query"}}},"script-3":{"title":"Build Insert Call Data Query","connector":{"name":"script","version":"3.3"},"operation":"execute","output_schema":{"$schema":"http://json-schema.org/draft-04/schema#","type":"object","properties":{"result":{"type":"object","properties":{"size":{"type":"number"},"query":{"type":"string"}}},"console":{"type":"array","items":{}}}},"error_handling":{},"properties":{"variables":{"type":"array","value":[{"type":"object","value":{"name":{"type":"string","value":"call_config"},"value":{"type":"jsonpath","value":"$.steps.trigger.data.global"}}},{"type":"object","value":{"name":{"type":"string","value":"response_body"},"value":{"type":"jsonpath","value":"$.steps.http-client-1.response.body"}}},{"type":"object","value":{"name":{"type":"string","value":"call_objects"},"value":{"type":"jsonpath","value":"$.steps.trigger.data.call_objects"}}}]},"script":{"type":"string","value":"/**  \n * @param {Input} input Value comes from the \"Variables\" field \n * @param {Array.<FileInput>} fileInput Value comes from the \"Files\" field \n */\nexports.step = function(input, fileInput) {\n    const valueRows = []\n\n    // Helper function to escape SQL string values\n    function escapeSqlString(value) {\n        if (value === null || value === undefined) {\n            return 'NULL'\n        }\n        if (typeof value === 'string') {\n            return `'${value.replace(/'/g, \"''\")}'`\n        }\n        if (typeof value === 'object') {\n            return `'${JSON.stringify(value).replace(/'/g, \"''\")}'`\n        }\n        return `'${value}'`\n    }\n\n    for (const item of input.call_objects) {\n        const bland_batch_id = input.response_body.data.batch_id;\n        const config = input.call_config;\n        // Build the values for this row with proper escaping\n        const rowValues = [\n            escapeSqlString(item.metadata.call_request_id),                    // call_request_id\n            escapeSqlString({ ...item, ...config }),                            // call_configuration_json\n            escapeSqlString(config.from),                               // from_phone\n            escapeSqlString(item.phone_number),                               // to_phone (assuming same for now)\n            escapeSqlString(item.start_time),                                 // scheduled_start_time\n            escapeSqlString(bland_batch_id),                                  // bland_batch_id\n            escapeSqlString(config.pathway_id),                               // pathway_id\n            escapeSqlString(item.request_data),                               // request_data\n            escapeSqlString(item.metadata)                                    // metadata\n        ]\n\n        valueRows.push(`(${rowValues.join(', ')})`)\n    }\n\n    // Build the complete multi-row insert query with literal values\n    const query = `insert into calls (\n                   call_request_id,\n                   call_configuration_json,\n                   from_phone,\n                   to_phone,\n                   scheduled_start_time,\n                   bland_batch_id,\n                   pathway_id,\n                   request_data,\n                   metadata\n                ) \n                VALUES ${valueRows.join(',\\n       ')};`\n\n    return {size: valueRows.length, query};\n};"},"file_output":{"type":"boolean","value":false}}},"trigger":{"title":"Callable Trigger","connector":{"name":"callable-trigger","version":"2.0"},"operation":"trigger_and_respond","output_schema":{},"error_handling":{},"properties":{}}},"legacy_error_handling":false,"dependencies":[{"id":"18d5abd1-637e-4a2d-9fe4-617869c50f13","name":"CCM Intake Outbound Alert"}]},{"id":"18d5abd1-637e-4a2d-9fe4-617869c50f13","created":"2025-10-06T14:30:33.744042Z","workspace_id":"201aa818-49bc-4547-a03b-91733c39ef0d","project_id":"d29a48af-fd9e-4af7-9487-3c99dc6ac173","group":"b10544f5-108e-4d13-b6e8-ca4c7dfc2795","creator":"569b2891-7490-42d8-9483-825fbd81c161","version":{"id":"9f031ea7-f966-42c9-827c-11dba7988aa7","created":"2025-11-03T14:35:12.645057Z"},"title":"CCM Intake Outbound Alert","enabled":true,"tags":[],"settings":{"config":{"environment":"{$.config.environment}","extra":{"execution_log_url":"{$.env.execution_log_url}","step_log_url":"{$._.errors.step_log_url}"},"level":"{$.steps.set_severity.result.level}","LIVE_BLAND_URL":"https://api.bland.ai","message":"Tray step failed: {$._.errors.message}","MOCK_BLAND_URL":"https://bland-mock-api-production.up.railway.app","SUPABASE_URL":"https://supabase.ngrok.io","tags":{"workflow_title":"{$._.errors.workflow_title}","step_name":"{$._.errors.step_name}"}},"input_schema":{},"output_schema":{}},"steps_structure":[{"name":"trigger","type":"normal","content":{}},{"name":"boolean-condition-1","type":"branch","content":{"true":[{"name":"nsight-health-sentry-logging-2","type":"normal","content":{}}],"false":[{"name":"nsight-health-sentry-logging-1","type":"normal","content":{}}]}}],"steps":{"boolean-condition-1":{"title":"Boolean condition","connector":{"name":"boolean-condition","version":"2.3"},"operation":"boolean_condition","output_schema":{},"error_handling":{},"properties":{"conditions":{"type":"array","value":[{"type":"object","value":{"value1":{"type":"jsonpath","value":"$.config.Verbose"},"comparison_type":{"type":"string","value":"==="},"value2":{"type":"boolean","value":true},"is_case_sensitive":{"value":false,"type":"boolean"}}}]},"strictness":{"type":"string","value":"All"}}},"nsight-health-sentry-logging-1":{"title":"Production Error Logging","connector":{"name":"nsight-health-sentry-logging","version":"1.0"},"operation":"raw_http_request","output_schema":{},"error_handling":{},"authentication":{"group":"0dd41094-33d2-49d8-ab2f-b645ab8ee8de","title":"CCM Intake Outbound","service_icon":{"icon_type":"url","value":"//s3.amazonaws.com/images.tray.io/artisan/icons/3f6418f3-93da-436e-a5c4-10aa62f8975a.png"},"scopes":[],"service_name":"3KVKjoupDpbW56w_sentry-logging","service_version":1},"properties":{"method":{"type":"string","value":"POST"},"url":{"type":"object","value":{"fullUrl":{"type":"string","value":"{$.config.CCM_INTAKE_PROJECT_SENTRY_URL}"}}},"headers":{"type":"object","value":{"Content-Type":{"type":"string","value":"application/json"}}},"body":{"type":"object","value":{"raw":{"type":"object","value":{"message":{"type":"string","value":"CCM Intake Outbound WF Failed"},"level":{"type":"string","value":"error"},"environment":{"type":"string","value":"production"},"release":{"type":"string","value":"sentry-connector@1.0.0"},"tags":{"type":"object","value":{"integration":{"type":"string","value":"ccm-intake-outbound"},"boundary":{"type":"string","value":"voice-ai"},"stage":{"type":"string","value":"prod"}}},"extra":{"type":"object","value":{"workflow_title":{"type":"jsonpath","value":"$.steps.trigger.origin.workflow_title"},"step_name":{"type":"jsonpath","value":"$.steps.trigger.origin.step_name"},"connector":{"type":"jsonpath","value":"$.steps.trigger.origin.connector"},"timestamp":{"type":"jsonpath","value":"$.steps.trigger.error.created"}}},"fingerprint":{"type":"array","value":[{"type":"string","value":"ccm-intake-outbound"}]}}}}}}},"nsight-health-sentry-logging-2":{"title":"Verbose Error Logging","connector":{"name":"nsight-health-sentry-logging","version":"1.0"},"operation":"raw_http_request","output_schema":{},"error_handling":{},"authentication":{"group":"0dd41094-33d2-49d8-ab2f-b645ab8ee8de","title":"CCM Intake Outbound","service_icon":{"icon_type":"url","value":"//s3.amazonaws.com/images.tray.io/artisan/icons/3f6418f3-93da-436e-a5c4-10aa62f8975a.png"},"scopes":[],"service_name":"3KVKjoupDpbW56w_sentry-logging","service_version":1},"properties":{"method":{"type":"string","value":"POST"},"url":{"type":"object","value":{"fullUrl":{"type":"string","value":"{$.config.CCM_INTAKE_PROJECT_SENTRY_URL}"}}},"headers":{"type":"object","value":{"Content-Type":{"type":"string","value":"application/json"}}},"body":{"type":"object","value":{"raw":{"type":"object","value":{"message":{"type":"string","value":"CCM Intake Outbound WF Failed"},"level":{"type":"string","value":"error"},"environment":{"type":"string","value":"development"},"release":{"type":"string","value":"sentry-connector@1.0.0"},"tags":{"type":"object","value":{"integration":{"type":"string","value":"ccm-intake-outbound"},"boundary":{"type":"string","value":"voice-ai"},"stage":{"type":"string","value":"dev"},"error_code":{"type":"jsonpath","value":"$.steps.trigger.error.message"}}},"extra":{"type":"object","value":{"workflow_uuid":{"type":"jsonpath","value":"$.steps.trigger.origin.workflow_uuid"},"workflow_url":{"type":"jsonpath","value":"$.steps.trigger.origin.workflow_url"},"workflow_title":{"type":"jsonpath","value":"$.steps.trigger.origin.workflow_title"},"step_name":{"type":"jsonpath","value":"$.steps.trigger.origin.step_name"},"step_log_url":{"type":"jsonpath","value":"$.steps.trigger.origin.step_log_url"},"connector":{"type":"jsonpath","value":"$.steps.trigger.origin.connector"},"timestamp":{"type":"jsonpath","value":"$.steps.trigger.error.created"}}},"fingerprint":{"type":"array","value":[{"type":"string","value":"ccm-intake-outbound"}]}}}}}}},"trigger":{"title":"Alert","connector":{"name":"alerting-trigger","version":"1.1"},"operation":"trigger","output_schema":{},"error_handling":{},"properties":{}}},"legacy_error_handling":false,"dependencies":[]},{"id":"4b910a19-8e5e-49e7-999b-dea5ab2d0b21","created":"2025-10-06T07:28:03.173443Z","workspace_id":"201aa818-49bc-4547-a03b-91733c39ef0d","project_id":"d29a48af-fd9e-4af7-9487-3c99dc6ac173","group":"aca8a45c-6095-441a-bbd7-0712fbd183b9","creator":"569b2891-7490-42d8-9483-825fbd81c161","version":{"id":"0db64768-608c-42c2-80ad-b8b1722aea39","created":"2025-10-28T14:32:34.865213Z"},"title":"CCM Intake Outbound - Call Automation Trigger","enabled":true,"tags":[],"settings":{"config":{"environment":"{$.config.environment}","extra":{"execution_log_url":"{$.env.execution_log_url}","step_log_url":"{$._.errors.step_log_url}"},"level":"{$.steps.set_severity.result.level}","LIVE_BLAND_URL":"https://api.bland.ai","message":"Tray step failed: {$._.errors.message}","MOCK_BLAND_URL":"https://bland-mock-api-production.up.railway.app","SUPABASE_URL":"https://supabase.ngrok.io","tags":{"workflow_title":"{$._.errors.workflow_title}","step_name":"{$._.errors.step_name}"}},"alerting_workflow_id":"18d5abd1-637e-4a2d-9fe4-617869c50f13","input_schema":{},"output_schema":{}},"steps_structure":[{"name":"trigger","type":"normal","content":{}},{"name":"http-client-1","type":"normal","content":{}}],"steps":{"http-client-1":{"title":"POST","connector":{"name":"http-client","version":"5.6"},"operation":"post_request","output_schema":{},"error_handling":{},"authentication":{"group":"681a2779-5718-4d0c-a27c-07c204a44107","title":"CCM Intake Bearer Token","service_icon":{"icon_type":"url","value":"//s3.amazonaws.com/images.tray.io/artisan/icons/3d517f8924ac7fd03699a29d97dc52d9.png"},"scopes":[],"service_name":"generic","service_version":1},"properties":{"auth":{"type":"object","value":{"none":{"type":"null","value":null}}},"follow_redirect":{"type":"boolean","value":false},"follow_keep_method":{"type":"boolean","value":false},"reject_unauthorized":{"type":"boolean","value":true},"follow_authorization_header":{"type":"boolean","value":false},"parse_response":{"type":"string","value":"true"},"status_code":{"type":"object","value":{"range":{"type":"object","value":{"from":{"type":"integer","value":200},"to":{"type":"integer","value":299}}}}},"case_sensitive_headers":{"type":"boolean","value":false},"url":{"type":"string","value":"{$.config.Automation_Webhook_URL}"},"headers":{"type":"array","value":[{"type":"object","value":{"key":{"type":"string","value":"authorization"},"value":{"type":"string","value":"bearer {$.auth.bearer_token}"}}}]}}},"trigger":{"title":"Scheduled Trigger","connector":{"name":"scheduled","version":"3.5"},"operation":"daily","output_schema":{},"error_handling":{},"properties":{"synchronous":{"type":"boolean","value":false},"public_url":{"type":"jsonpath","value":"$.env.public_url"},"hour":{"type":"string","value":"10"},"minute":{"type":"string","value":"0"},"day_of_week":{"type":"object","value":{"monday":{"type":"boolean","value":true},"tuesday":{"type":"boolean","value":false},"wednesday":{"type":"boolean","value":true},"thursday":{"type":"boolean","value":false},"friday":{"type":"boolean","value":true},"saturday":{"type":"boolean","value":false},"sunday":{"type":"boolean","value":false}}},"tz":{"type":"string","value":"America/New_York"}}}},"legacy_error_handling":false,"dependencies":[{"id":"18d5abd1-637e-4a2d-9fe4-617869c50f13","name":"CCM Intake Outbound Alert"}]},{"id":"d4aadb29-a170-4f9b-b0d7-b9a53aef6a06","created":"2025-10-02T20:07:05.409707Z","workspace_id":"201aa818-49bc-4547-a03b-91733c39ef0d","project_id":"d29a48af-fd9e-4af7-9487-3c99dc6ac173","group":"dfa7b1cb-d502-41cd-bb3b-c3f2085f018a","creator":"569b2891-7490-42d8-9483-825fbd81c161","version":{"id":"ca7c0ffa-6cc6-4c59-bd6a-a794567a1388","created":"2025-11-01T00:50:57.682155Z"},"title":"CCM Intake Outbound - Automation Scheduler","enabled":true,"tags":[],"settings":{"config":{"environment":"{$.config.environment}","extra":{"execution_log_url":"{$.env.execution_log_url}","step_log_url":"{$._.errors.step_log_url}"},"level":"{$.steps.set_severity.result.level}","LIVE_BLAND_URL":"https://api.bland.ai","message":"Tray step failed: {$._.errors.message}","MOCK_BLAND_URL":"https://bland-mock-api-production.up.railway.app","SUPABASE_URL":"https://supabase.ngrok.io","tags":{"workflow_title":"{$._.errors.workflow_title}","step_name":"{$._.errors.step_name}"}},"alerting_workflow_id":"18d5abd1-637e-4a2d-9fe4-617869c50f13","input_schema":{},"output_schema":{}},"steps_structure":[{"name":"trigger","type":"normal","content":{}},{"name":"script-3","type":"normal","content":{}},{"name":"boolean-condition-1","type":"branch","content":{"true":[{"name":"text-helpers-1","type":"normal","content":{}},{"name":"boolean-condition-2","type":"branch","content":{"true":[{"name":"http-client-1","type":"normal","content":{}},{"name":"storage-1","type":"normal","content":{}}],"false":[{"name":"domo-2","type":"normal","content":{}},{"name":"storage-2","type":"normal","content":{}}]}},{"name":"storage-3","type":"normal","content":{}},{"name":"date-time-helpers-1","type":"normal","content":{}},{"name":"script-1","type":"normal","content":{}},{"name":"script-5","type":"normal","content":{}},{"name":"call-workflow-1","type":"normal","content":{}}],"false":[{"name":"terminate-1","type":"normal","content":{}}]}}],"steps":{"boolean-condition-1":{"title":"Boolean condition","connector":{"name":"boolean-condition","version":"2.3"},"operation":"boolean_condition","output_schema":{},"error_handling":{},"properties":{"conditions":{"type":"array","value":[{"type":"object","value":{"value1":{"type":"jsonpath","value":"$.steps.script-3.result.valid"},"comparison_type":{"type":"string","value":"==="},"value2":{"type":"boolean","value":true}}}]},"strictness":{"type":"string","value":"All"}}},"boolean-condition-2":{"title":"Boolean condition","connector":{"name":"boolean-condition","version":"2.3"},"operation":"boolean_condition","output_schema":{},"error_handling":{},"properties":{"conditions":{"type":"array","value":[{"type":"object","value":{"value1":{"type":"jsonpath","value":"$.config.TESTING"},"comparison_type":{"type":"string","value":"==="},"value2":{"type":"boolean","value":true}}}]},"strictness":{"type":"string","value":"All"}}},"call-workflow-1":{"title":"Send payload to Bland","connector":{"name":"call-workflow","version":"2.0"},"operation":"fire_and_wait_for_response","output_schema":{},"error_handling":{},"properties":{"workflow_id":{"type":"string","value":"1481ad8d-2c9b-4cdc-b8ec-8b48e47fa2f6"},"trigger_input":{"type":"object","value":{"global":{"type":"jsonpath","value":"$.steps.script-5.result.global"},"call_objects":{"type":"jsonpath","value":"$.steps.script-5.result.call_objects"}}}}},"date-time-helpers-1":{"title":"Get current timestamp","connector":{"name":"date-time-helpers","version":"3.0"},"operation":"current_timestamp","output_schema":{},"error_handling":{},"properties":{"timezone":{"type":"string","value":"America/New_York"},"format":{"type":"object","value":{"existing_format":{"type":"string","value":"YYYY-MM-DD"}}}}},"domo-2":{"title":"Query CCM Intake Dataset","connector":{"name":"domo","version":"1.2"},"operation":"raw_http_request","output_schema":{"$schema":"http://json-schema.org/draft-04/schema#","type":"object","properties":{"response":{"type":"object","properties":{"status_code":{"type":"number"},"headers":{"type":"object","properties":{"date":{"type":"string"},"content-type":{"type":"string"},"transfer-encoding":{"type":"string"},"connection":{"type":"string"},"vary":{"type":"string"},"x-content-type-options":{"type":"string"},"x-xss-protection":{"type":"string"},"cache-control":{"type":"string"},"pragma":{"type":"string"},"expires":{"type":"string"},"x-frame-options":{"type":"string"},"strict-transport-security":{"type":"string"}}},"body":{"type":"object","properties":{"datasource":{"type":"string"},"columns":{"type":"array","items":{"type":"string"}},"metadata":{"type":"array","items":{"type":"object","properties":{"type":{"type":"string"},"dataSourceId":{"type":"string"},"maxLength":{"type":"number"},"minLength":{"type":"number"},"periodIndex":{"type":"number"},"aggregated":{"type":"boolean"}},"required":["type","dataSourceId","maxLength","minLength","periodIndex","aggregated"]}},"rows":{"type":"array","items":{"type":"array"}},"numRows":{"type":"number"},"numColumns":{"type":"number"},"fromcache":{"type":"boolean"}}}}}}},"error_handling":{},"authentication":{"group":"ba345d61-b66d-4252-a4cb-f5684dd44063","title":"Nsight's Domo Dev Account","service_icon":{"icon_type":"url","value":"//s3.amazonaws.com/images.tray.io/artisan/icons/fd8eb0013ca1d83321e47b10d01a7f6d.png"},"scopes":[],"service_name":"domo","service_version":1},"properties":{"client_id":{"type":"jsonpath","value":"$.auth.client_id"},"client_secret":{"type":"jsonpath","value":"$.auth.client_secret"},"client_scope":{"type":"jsonpath","value":"$.auth.client_scope"},"method":{"type":"string","value":"POST"},"include_raw_body":{"type":"boolean","value":false},"parse_response":{"type":"string","value":"true"},"url":{"type":"object","value":{"endpoint":{"type":"jsonpath","value":"$.steps.text-helpers-1.result"}}},"body":{"type":"object","value":{"raw":{"type":"object","value":{"sql":{"type":"string","value":"{$.config.DOMO_QUERY}"}}}}}}},"http-client-1":{"title":"Query CCM Intake Mock Data","connector":{"name":"http-client","version":"5.6"},"operation":"post_request","output_schema":{},"error_handling":{},"authentication":{"group":"1e583511-c36a-47ea-84f8-40b1a77e73aa","title":"Bland Webhook Bearer Token","service_icon":{"icon_type":"url","value":"//s3.amazonaws.com/images.tray.io/artisan/icons/3d517f8924ac7fd03699a29d97dc52d9.png"},"scopes":[],"service_name":"generic","service_version":1},"properties":{"auth":{"type":"object","value":{"none":{"type":"null","value":null}}},"follow_redirect":{"type":"boolean","value":false},"follow_keep_method":{"type":"boolean","value":false},"reject_unauthorized":{"type":"boolean","value":true},"follow_authorization_header":{"type":"boolean","value":false},"parse_response":{"type":"string","value":"true"},"status_code":{"type":"object","value":{"range":{"type":"object","value":{"from":{"type":"integer","value":200},"to":{"type":"integer","value":299}}}}},"case_sensitive_headers":{"type":"boolean","value":false},"url":{"type":"string","value":"{$.config.MOCK_CCM_DATASET}"},"headers":{"type":"array","value":[{"type":"object","value":{"key":{"type":"string","value":"qa_test_run_id"},"value":{"type":"jsonpath","value":"$.steps.trigger.headers.qa_test_run_id","fallback":{"value":"a618d2ea-3890-4ef0-8af1-431f65a2dc36","type":"string"}}}}]}}},"script-1":{"title":"Call Scheduling","connector":{"name":"script","version":"3.4"},"operation":"execute","output_schema":{"$schema":"http://json-schema.org/draft-04/schema#","type":"object","properties":{"result":{"type":"object","properties":{"scheduledCalls":{"type":"array","items":{"type":"object","properties":{"start_time_conversion_input":{"type":"object","properties":{"local_datetime":{"type":"string"},"timezone_id":{"type":"string"}}},"patient_id":{"type":"string"},"date":{"type":"string"},"first_name":{"type":"string"},"last_name":{"type":"string"},"dob":{"type":"string"},"phone_number":{"type":"string"},"dr_last_name":{"type":"string"},"timezone":{"type":"string"},"call_back":{"type":"string"},"Unique Patients":{"type":"number"}},"required":["start_time_conversion_input","patient_id","date","first_name","last_name","dob","phone_number","dr_last_name","timezone","call_back","Unique Patients"]}}}},"console":{"type":"array","items":{}}}},"error_handling":{},"authentication":{"group":"8d469760-ea54-416e-9b09-47873a2c575d","title":"Bland API Key","service_icon":{"icon_type":"url","value":"//s3.amazonaws.com/images.tray.io/artisan/icons/3d517f8924ac7fd03699a29d97dc52d9.png"},"scopes":[],"service_name":"generic","service_version":1},"properties":{"variables":{"type":"array","value":[{"type":"object","value":{"name":{"type":"string","value":"patient_data"},"value":{"type":"jsonpath","value":"$.steps.storage-3.value"}}},{"type":"object","value":{"name":{"type":"string","value":"current_date_string"},"value":{"type":"jsonpath","value":"$.steps.date-time-helpers-1.result"}}}]},"script":{"type":"string","value":"/**\n * Schedules and prepares all patient calls for batch submission using fixed times \n * and moment.tz for reliable local timezone conversion.\n * * This script performs the segmentation, timezone math, and final formatting.\n * * @param {Input} input - Contains the mapped variables: 'patient_data' (full Domo output) \n * and 'current_date_string' (MUST be a simple date string, e.g., \"2025-10-27\").\n * @param {Array.<FileInput>} fileInput - Not used.\n * @returns {Object} Contains one array: scheduledCalls, with final 'start_time' assigned.\n */\n\n// NOTE: This assumes 'moment' and 'moment.tz' are available in the script environment.\n\n// CCM INTAKE SPECIFIC SCHEDULING CONSTANTS (24-Hour Time)\nconst NEW_CALL_TIME = '10:00:00';   // Target local time for New Patients (10:00 AM)\nconst FOLLOW_UP_CALL_TIME = '15:00:00'; // Target local time for Follow-Up Patients (3:00 PM)\n\n// Final API Format (YYYY-MM-DD HH:mm:ss Z)\nconst API_TIME_FORMAT = 'YYYY-MM-DD HH:MM:SS Z';\n\nexports.step = function (input, fileInput) {\n    // 1. Map Inputs and Access Nested Data\n    const fullDomoData = input.patient_data;\n    const currentDate = input.current_date_string; // e.g., \"2025-10-28\"\n\n    const columnHeaders = fullDomoData ? fullDomoData.columns : [];\n    const patientRows = fullDomoData ? fullDomoData.rows : [];\n\n    const scheduledCalls = [];\n    \n    // Basic Input Validation\n    if (!currentDate || !patientRows || patientRows.length === 0) {\n        console.error(\"Input data is invalid or missing required data.\");\n        return { scheduledCalls: [] };\n    }\n\n    // Safety check for moment availability (optional, but good practice)\n    if (typeof moment === 'undefined' || typeof moment.tz === 'undefined') {\n        console.error(\"moment-timezone library is not accessible in this script step.\");\n        return { scheduledCalls: [] };\n    }\n\n\n    // 2. Iterate and Process Patient Rows\n    patientRows.forEach(row => {\n        // Map the row array back into a key/value object\n        const patient = {};\n        columnHeaders.forEach((header, index) => {\n            patient[header] = row[index];\n        });\n        \n        const rawCallBackFlag = patient.call_back;\n        const patientTZ = patient.timezone;\n        let localScheduleTimeTarget;\n        \n        // 3. Determine local scheduling time string\n        if (rawCallBackFlag === 'No') {\n            localScheduleTimeTarget = NEW_CALL_TIME;\n        } else if (rawCallBackFlag === 'Yes') {\n            localScheduleTimeTarget = FOLLOW_UP_CALL_TIME;\n        } else {\n            // Skips records with non-\"Yes\"/\"No\" values\n            console.warn(`Skipping patient ${patient.patient_id} due to unexpected call_back value: ${rawCallBackFlag}.`);\n            return; \n        }\n\n        // --- 4. CORE TIMEZONE CONVERSION AND FORMATTING ---\n        \n        // Combine the date and target time into a local datetime string (e.g., '2025-10-28T10:00:00')\n        const localDateTimeString = `${currentDate}T${localScheduleTimeTarget}`;\n        \n        // Use moment.tz to parse the time string based on the patient's local timezone,\n        // and then format it into the final API-required ISO 8601 string with offset.\n        const scheduledMoment = moment.tz(localDateTimeString, \"YYYY-MM-DDTHH:mm:ss\", patientTZ);\n        \n        if (!scheduledMoment.isValid()) {\n            console.error(`Invalid date generated for patient ${patient.patient_id} in TZ ${patientTZ}`);\n            return;\n        }\n\n        const finalApiStartTime = scheduledMoment.format(API_TIME_FORMAT);\n\n        const callObject = {\n            \"start_time\": finalApiStartTime, \n            ...patient \n        };\n        \n        scheduledCalls.push(callObject);\n    });\n    return {\n        scheduledCalls: scheduledCalls\n    };\n};"},"file_output":{"type":"boolean","value":false}}},"script-3":{"title":"Authentication","connector":{"name":"script","version":"3.4"},"operation":"execute","output_schema":{"$schema":"http://json-schema.org/draft-04/schema#","type":"object","properties":{"result":{"type":"object","properties":{"valid":{"type":"boolean"},"errors":{"type":"array","items":{}}}},"console":{"type":"array","items":{}}}},"error_handling":{},"authentication":{"group":"681a2779-5718-4d0c-a27c-07c204a44107","title":"CCM Intake Bearer Token","service_icon":{"icon_type":"url","value":"//s3.amazonaws.com/images.tray.io/artisan/icons/3d517f8924ac7fd03699a29d97dc52d9.png"},"scopes":[],"service_name":"generic","service_version":1},"properties":{"variables":{"type":"array","value":[{"type":"object","value":{"name":{"type":"string","value":"request_bearer_token"},"value":{"type":"jsonpath","value":"$.steps.trigger.headers.authorization"}}},{"type":"object","value":{"name":{"type":"string","value":"expected_bearer_token"},"value":{"type":"string","value":"{$.auth.bearer_token}"}}}]},"script":{"type":"string","value":"/** \n * @param {Input} input Value comes from the \"Variables\" field \n * @param {Array.<FileInput>} fileInput Value comes from the \"Files\" field \n */\nexports.step = function(input, fileInput) {\n  const errors = [];\n\n  const headerValue = typeof input.request_bearer_token === 'string' ? input.request_bearer_token : '';\n\n  if (!headerValue) errors.push('Missing request_bearer_token');\n\n  let provided = '';\n  if (errors.length === 0) {\n    const trimmed = headerValue.trim();\n\n    provided = trimmed.split(' ')[1] || '';\n    if (!provided) errors.push('Empty bearer token');\n  }\n\n  const valid = errors.length === 0 && provided === input.expected_bearer_token;\n  if (!valid && errors.length === 0) errors.push('Invalid bearer token');\n\n  return { valid, errors };\n};"},"file_output":{"type":"boolean","value":false}}},"script-5":{"title":"Build Call Request Payload","connector":{"name":"script","version":"3.4"},"operation":"execute","output_schema":{"$schema":"http://json-schema.org/draft-04/schema#","type":"object","properties":{"result":{"type":"object","properties":{"global":{"type":"object","properties":{"from":{"type":"string"},"voice":{"type":"string"},"record":{"type":"boolean"},"endpoint":{"type":"string"},"language":{"type":"string"},"temperature":{"type":"number"},"max_duration":{"type":"number"},"background_track":{"type":"string"},"voicemail_action":{"type":"string"},"wait_for_greeting":{"type":"boolean"},"noise_cancellation":{"type":"boolean"},"answered_by_enabled":{"type":"boolean"},"block_interruptions":{"type":"boolean"},"citation_schema_ids":{"type":"array","items":{"type":"string"}},"interruption_threshold":{"type":"number"},"transfer_phone_number":{"type":"string"},"webhook_events":{"type":"array","items":{"type":"string"}},"webhook":{"type":"string"},"pathway_id":{"type":"string"},"use_candidate_model":{"type":"boolean"}}},"call_objects":{"type":"array","items":{"type":"object","properties":{"start_time":{"type":"string"},"phone_number":{"type":"string"},"request_data":{"type":"object","properties":{"first_name":{"type":"string"},"last_name":{"type":"string"},"dob":{"type":"string"},"dr_last_name":{"type":"string"}}},"metadata":{"type":"object","properties":{"patient_id":{"type":"string"},"call_request_id":{"type":"string"},"timezone":{"type":"string"}}}},"required":["start_time","phone_number","request_data","metadata"]}},"debug":{"type":"object","properties":{"total_calls_routed":{"type":"number"}}}}},"console":{"type":"array","items":{}}}},"error_handling":{},"properties":{"variables":{"type":"array","value":[{"type":"object","value":{"name":{"type":"string","value":"call_list"},"value":{"type":"jsonpath","value":"$.steps.script-1.result.scheduledCalls"}}},{"type":"object","value":{"name":{"type":"string","value":"webhook_url"},"value":{"type":"string","value":"{$.config.POST_CALL_WEBHOOK_URL}"}}}]},"script":{"type":"string","value":"const isArr = x => Array.isArray(x);\nconst isObj = x => x && typeof x === 'object' && !Array.isArray(x);\n\nfunction generateUUID() {\n  return 'xxxxxxxx-xxxx-4xxx-yxxx-xxxxxxxxxxxx'.replace(/[xy]/g, function (c) {\n    const r = (Math.random() * 16) | 0;\n    const v = c === 'x' ? r : (r & 0x3 | 0x8);\n    return v.toString(16);\n  });\n}\n\nfunction getGlobalConfig(webhookUrl){\n  return {\n    from: \"+18885353331\",\n    voice: \"74f34522-6c78-4a75-9bd3-769bad7819da\",\n    record: true,\n    endpoint: \"https://api.bland.ai\",\n    language: \"en-US\",\n    temperature: 0.2,\n    max_duration: 60,\n    background_track: \"office\",\n    voicemail_action: \"ignore\",\n    wait_for_greeting: false,\n    noise_cancellation: true,\n    answered_by_enabled: true,\n    block_interruptions: false,\n    citation_schema_ids: [\n      \"2ccca111-fcfa-47a5-9d20-1995f20d07e3\",\n      \"61b61681-0770-4fa0-8f71-5bea9c71bf87\",\n      \"3fda0a82-953d-4484-b152-321e5c1d2b75\",\n      \"b6f6a7a1-48af-4f48-8b02-0bb0ffeee26a\",\n      \"e0ea2a78-9ea0-408f-85f6-9d1e80931b5e\",\n      \"8203f77f-81c6-415f-a90f-33dcdfc4c217\",\n      \"8de0fe19-0270-4247-a249-df8c24f9fca3\",\n      \"fd65f276-cffa-4107-a73c-f47ab8574a1b\"\n    ],\n    interruption_threshold: 200, \n    webhook_events: [\"citations\"],\n    webhook: webhookUrl, \n    pathway_id: \"6c86fc08-58b7-4565-8b05-6b0797799360\", \n    use_candidate_model: true \n  };\n}\n\nfunction unwrap(x, key){\n  if (isArr(x)) return x;\n  if (isObj(x)){\n    const direct = [\n      x[key], \n      x.result && x.result[key], \n      x.value && x.value[key], \n      x.output && x.output[key]\n    ].find(isArr);\n    \n    if (direct) return direct;\n\n    for (const k of ['result','value','output']){\n      const pool = x[k];\n      if (isArr(pool)){\n        for (const el of pool){\n          if (isObj(el)){\n            const maybe = el[key] || \n                          (el.value && el.value[key]) || \n                          (el.result && el.result[key]) || \n                          (el.output && el.output[key]);\n            if (isArr(maybe)) return maybe;\n          }\n        }\n      }\n    }\n  }\n  return [];\n}\n\nexports.step = function(input){\n  let callList = unwrap(input.call_list, 'call_list'); \n  let webhookUrl = input.webhook_url; \n  \n  if (!webhookUrl) {\n    console.error(\"Webhook URL is missing from input. Cannot proceed with call.\");\n    webhookUrl = 'ERROR: URL MISSING';\n  }\n\n  const globalConfig = getGlobalConfig(webhookUrl);\n  \n if (callList.length === 0){\n    return {\n      global: globalConfig,\n      call_objects: [],\n      debug: {\n        total_calls_routed: 0,\n        message: \"No calls to route.\"\n      }\n    };\n  }\n\n  const finalCallObjects = callList.map(item => {\n    const callRequestId = generateUUID();\n\n    return {\n      start_time: item.start_time,\n      phone_number: item.phone_number,\n      request_data: {\n        first_name: item.first_name,\n        last_name: item.last_name,\n        dob: item.dob,\n        dr_last_name: item.dr_last_name,\n      },\n      metadata: {\n        patient_id: item.patient_id,\n        call_request_id: callRequestId,\n        timezone: item.timezone,\n        call_back: item.call_back,\n      },\n    };\n  });\n  \n return {\n    global: globalConfig,\n    call_objects: finalCallObjects,\n    debug: {\n      total_calls_routed: finalCallObjects.length,\n    }\n  };\n};"},"file_output":{"type":"boolean","value":false}}},"storage-1":{"title":"Set Mock Domo Data","connector":{"name":"storage","version":"1.5"},"operation":"set","output_schema":{},"error_handling":{},"properties":{"scope":{"type":"string","value":"Current Run"},"key":{"type":"string","value":"request_body"},"value":{"type":"jsonpath","value":"$.steps.http-client-1.response.body"}}},"storage-2":{"title":"Set Domo Data","connector":{"name":"storage","version":"1.5"},"operation":"set","output_schema":{},"error_handling":{},"properties":{"scope":{"type":"string","value":"Current Run"},"key":{"type":"string","value":"request_body"},"value":{"type":"jsonpath","value":"$.steps.domo-2.response.body"}}},"storage-3":{"title":"Get Request Body Data","connector":{"name":"storage","version":"1.5"},"operation":"get","output_schema":{"$schema":"http://json-schema.org/draft-04/schema#","type":"object","properties":{"value":{"type":"object","properties":{"metadata":{"type":"array","items":{"type":"object","properties":{"dataSourceId":{"type":"string"},"minLength":{"type":"number"},"aggregated":{"type":"boolean"},"type":{"type":"string"},"periodIndex":{"type":"number"},"maxLength":{"type":"number"}},"required":["dataSourceId","minLength","aggregated","type","periodIndex","maxLength"]}},"datasource":{"type":"string"},"columns":{"type":"array","items":{"type":"string"}},"rows":{"type":"array","items":{"type":"array"}}}}}},"error_handling":{},"properties":{"scope":{"type":"string","value":"Current Run"},"default_value":{"type":"null","value":null},"key":{"type":"string","value":"request_body"}}},"terminate-1":{"title":"401 Error","connector":{"name":"terminate","version":"1.1"},"operation":"fail_run","output_schema":{},"error_handling":{},"properties":{"message":{"type":"string","value":"CCM Intake Outbound - 401 Authentication Error"}}},"text-helpers-1":{"title":"Build Domo Endpoint URL","connector":{"name":"text-helpers","version":"3.0"},"operation":"concatenate","output_schema":{},"error_handling":{},"properties":{"separator":{"type":"string","value":""},"values":{"type":"array","value":[{"type":"string","value":"datasets/query/execute"},{"type":"string","value":"/{$.config.CCM_INTAKE_DATASET}"}]}}},"trigger":{"title":"Webhook","connector":{"name":"webhook","version":"2.3"},"operation":"fire_and_forget","output_schema":{"$schema":"http://json-schema.org/draft-04/schema#","type":"object","properties":{"method":{"type":"string"},"path":{"type":"string"},"body":{"type":"object","properties":{"event":{"type":"string"},"data":{"type":"object","properties":{"from":{"type":"string"},"phone_number":{"type":"string"},"pathway_id":{"type":"string"},"task":{"type":"string"},"wait_for_greeting":{"type":"boolean"},"block_interruptions":{"type":"boolean"},"interruption_threshold":{"type":"number"},"sensitive_voicemail_detection":{"type":"boolean"},"local_dialing":{"type":"boolean"},"noise_cancellation":{"type":"boolean"},"ignore_button_press":{"type":"boolean"},"max_duration":{"type":"number"},"record":{"type":"boolean"},"voicemail_action":{"type":"string"},"model":{"type":"string"},"temperature":{"type":"number"},"language":{"type":"string"},"background_track":{"type":"string"},"timezone":{"type":"string"},"use_candidate_model":{"type":"boolean"},"voice":{"type":"string"},"pathway_version":{"type":"number"},"analysis_preset":{"type":"string"},"voicemail_message":{"type":"string"},"memory_id":{"type":"string"},"dispatch_hours":{"type":"string"},"retry":{"type":"number"},"voicemail_sms":{"type":"string"},"pronunciation_guide":{"type":"object","properties":{"Angyla":{"type":"string"}}},"request_data":{"type":"object","properties":{"appointment_id":{"type":"string"},"patient_id":{"type":"string"}}},"metadata":{"type":"object","properties":{"campaign":{"type":"string"},"client_system":{"type":"string"},"tester_phone_number":{"type":"string"},"agent":{"type":"object","properties":{"id":{"type":"number"},"name":{"type":"string"},"account":{"type":"string"}}}}},"available_tags":{"type":"array","items":{"type":"string"}},"webhook":{"type":"string"},"first_sentence":{"type":"string"},"persona_id":{"type":"string"},"start_time":{"type":"string"},"transfer_phone_number":{"type":"string"},"precall_dtmf_sequence":{"type":"string"},"summary_prompt":{"type":"string"},"dialing_strategy":{"type":"string"},"transfer_list":{"type":"array","items":{"type":"object","properties":{"name":{"type":"string"},"phone_number":{"type":"string"}},"required":["name","phone_number"]}},"webhook_events":{"type":"array","items":{"type":"string"}},"dynamic_data":{"type":"object","properties":{"patient_name":{"type":"string"},"appointment_date":{"type":"string"}}},"keywords":{"type":"array","items":{"type":"string"}},"citation_schema_ids":{"type":"array","items":{"type":"string"}},"tools":{"type":"array","items":{"type":"object","properties":{"name":{"type":"string"},"type":{"type":"string"},"url":{"type":"string"}}}},"geospatial_dialing":{"type":"object","properties":{"area_code":{"type":"string"},"localize":{"type":"boolean"}}}}}}},"query":{"type":"object","properties":{}},"headers":{"type":"object","properties":{"x-forwarded-port":{"type":"string"},"accept":{"type":"string"},"dataset_size":{"type":"string"},"user-agent":{"type":"string"},"content-length":{"type":"string"},"authorization":{"type":"string"},"x-amzn-trace-id":{"type":"string"},"content-type":{"type":"string"},"postman-token":{"type":"string"},"accept-encoding":{"type":"string"},"x-forwarded-for":{"type":"string"},"x-forwarded-proto":{"type":"string"},"host":{"type":"string"},"remote-address":{"type":"string"},"qa_test_run_id":{"type":"string"}}}}},"error_handling":{},"properties":{}}},"legacy_error_handling":false,"dependencies":[{"id":"1481ad8d-2c9b-4cdc-b8ec-8b48e47fa2f6","name":"[CCM] Send Bland Call Batch"},{"id":"18d5abd1-637e-4a2d-9fe4-617869c50f13","name":"CCM Intake Outbound Alert"}]}],"projects":[{"id":"d29a48af-fd9e-4af7-9487-3c99dc6ac173","version":"3.6","name":"CCM Intake","config":{"Automation_Webhook_URL":"https://f993f990-9d1a-4348-b983-09091566e5be.trayapp.io","Call_WF_Send_Bland_Call_Batch":"1481ad8d-2c9b-4cdc-b8ec-8b48e47fa2f6","CCM_INTAKE_DATASET":"12f621c3-5407-46f4-962d-9997e7b3b41e","CCM_Intake_Pathway(Old)":"3df2a169-84e4-43b2-8401-0f21722f4a44","CCM_Intake_Pathway(Rebuild)":"6c86fc08-58b7-4565-8b05-6b0797799360","CCM_INTAKE_PROJECT_SENTRY_URL":"https://o4509469414522880.ingest.us.sentry.io/api/4510026277388288/store/?sentry_key=7a09027e41ef9b1a4eb5ab5a6971e98f","DOMO_QUERY":"SELECT * FROM table","DOMO_RPM_ADH_DATASET_ID":"f97eb0b9-64da-45c7-b422-584e096636e8","environment":"{$.config.environment}","extra":{"execution_log_url":"{$.env.execution_log_url}","step_log_url":"{$._.errors.step_log_url}"},"level":"{$.steps.set_severity.result.level}","LIVE_BLAND_URL":"https://api.bland.ai","message":"Tray step failed: {$._.errors.message}","MOCK_BLAND_URL":"https://bland-mock-api-production.up.railway.app","MOCK_CCM_DATASET":"https://gotrzws7mlk3zgpvfqyddncpoi0nsaqi.lambda-url.us-east-1.on.aws/","POST_CALL_WEBHOOK_URL":"https://8a3b087f-6a2d-49e5-8d21-0a399c1a0852.trayapp.io","SUPABASE_URL":"https://supabase.ngrok.io","tags":{"workflow_title":"{$._.errors.workflow_title}","step_name":"{$._.errors.step_name}"},"TESTING":true,"Verbose":true},"workflows":["1481ad8d-2c9b-4cdc-b8ec-8b48e47fa2f6","18d5abd1-637e-4a2d-9fe4-617869c50f13","4b910a19-8e5e-49e7-999b-dea5ab2d0b21","d4aadb29-a170-4f9b-b0d7-b9a53aef6a06"],"dependencies":[],"installation_source_id":null,"installation_version_id":null}]}